date,high,low,open,close,volume,adj close
2017-05-24,9.05270004272461,8.419509887695312,8.468979835510254,8.973549842834473,1892221.0,8.345932960510254
2017-05-25,9.389089584350586,8.854829788208008,8.983449935913086,9.003230094909668,993464.0,8.373537063598633
2017-05-26,9.250570297241213,8.78557014465332,9.003230094909668,8.825149536132812,2187056.0,8.207910537719728
2017-05-29,8.825149536132812,8.825149536132812,8.825149536132812,8.825149536132812,0.0,8.207910537719728
2017-05-30,9.339619636535645,9.072489738464355,9.151639938354492,9.151639938354492,937266.0,8.511569023132324
2017-05-31,9.260470390319824,8.924079895019531,9.161529541015623,8.924079895019531,2283279.0,8.299921989440918
2017-06-01,9.151639938354492,8.924079895019531,9.082380294799805,9.05270004272461,972743.0,8.419547080993652
2017-06-02,9.349510192871094,9.072489738464355,9.082380294799805,9.349510192871094,1076648.0,8.695597648620605
2017-06-05,9.56717014312744,9.211000442504883,9.260470390319824,9.56717014312744,1352886.0,8.89803409576416
2017-06-06,9.685890197753906,9.41876983642578,9.557279586791992,9.497920036315918,985580.0,8.83362865447998
2017-06-07,9.606749534606934,9.398980140686037,9.547380447387695,9.497920036315918,813449.0,8.83362865447998
2017-06-08,9.69579029083252,9.468239784240724,9.468239784240724,9.69579029083252,821131.0,9.017659187316896
2017-06-09,10.071700096130373,9.735360145568848,9.745260238647461,10.042099952697754,775648.0,9.33974838256836
2017-06-12,10.170700073242188,9.83430004119873,10.03219985961914,9.943129539489746,372662.0,9.247700691223145
2017-06-13,10.131099700927734,9.586959838867188,9.962920188903807,10.052000045776367,907449.0,9.348954200744627
2017-06-14,10.190500259399414,9.804619789123537,10.06190013885498,9.824410438537598,400660.0,9.137282371520996
2017-06-15,9.824410438537598,9.824410438537598,9.824410438537598,9.824410438537598,0.0,9.137282371520996
2017-06-16,10.091500282287598,9.87386989593506,9.893659591674805,10.042099952697754,1685422.0,9.33974838256836
2017-06-19,10.437800407409668,9.903559684753418,10.03219985961914,10.338899612426758,352245.0,9.615790367126463
2017-06-20,10.536800384521484,10.091500282287598,10.200400352478027,10.319100379943848,517199.0,9.59737491607666
2017-06-21,10.497200012207033,10.309200286865234,10.348799705505373,10.477399826049805,720966.0,9.744604110717773
2017-06-22,10.487299919128418,10.170700073242188,10.487299919128418,10.190500259399414,3723191.0,9.47776985168457
2017-06-23,10.26959991455078,9.854089736938477,10.190500259399414,9.982709884643556,1948722.0,9.284512519836426
2017-06-26,10.279500007629396,9.992600440979004,10.279500007629396,10.042099952697754,268960.0,9.33974838256836
2017-06-27,10.03219985961914,9.883769989013672,9.953020095825195,9.903559684753418,810923.0,9.210896492004396
2017-06-28,10.022299766540527,9.814510345458984,9.943129539489746,9.893659591674805,539234.0,9.201687812805176
2017-06-29,10.052000045776367,9.745260238647461,9.992600440979004,9.87386989593506,593713.0,9.183283805847168
2017-06-30,10.0024995803833,9.87386989593506,9.893659591674805,9.893659591674805,783228.0,9.201687812805176
2017-07-03,9.933239936828613,9.537489891052246,9.933239936828613,9.537489891052246,916546.0,8.870429992675781
2017-07-04,9.547380447387695,9.260470390319824,9.527600288391113,9.260470390319824,1048044.0,8.612784385681152
2017-07-05,9.398980140686037,9.10216999053955,9.300040245056152,9.240679740905762,669115.0,8.594379425048826
2017-07-06,9.448450088500977,9.240679740905762,9.349510192871094,9.389089584350586,668913.0,8.732407569885254
2017-07-07,9.478130340576172,9.389089584350586,9.389089584350586,9.398980140686037,202857.0,8.741607666015625
2017-07-10,9.41876983642578,9.19120979309082,9.41876983642578,9.260470390319824,529429.0,8.612784385681152
2017-07-11,9.379190444946287,9.161529541015623,9.270359992980957,9.260470390319824,482430.0,8.612784385681152
2017-07-12,9.398980140686037,9.28026008605957,9.309940338134766,9.339619636535645,2487046.0,8.686400413513184
2017-07-13,9.685890197753906,9.329719543457033,9.329719543457033,9.646320343017578,2756410.0,8.971649169921875
2017-07-14,9.824410438537598,9.497920036315918,9.77493953704834,9.626529693603516,1152657.0,8.953243255615234
2017-07-17,9.735360145568848,9.557279586791992,9.685890197753906,9.596850395202637,271992.0,8.925639152526855
2017-07-18,9.646320343017578,9.448450088500977,9.646320343017578,9.468239784240724,261278.0,8.806022644042969
2017-07-19,9.626529693603516,9.329719543457033,9.537489891052246,9.537489891052246,868838.0,8.870429992675781
2017-07-20,9.636429786682127,9.547380447387695,9.626529693603516,9.596850395202637,670833.0,8.925639152526855
2017-07-21,9.883769989013672,9.596850395202637,9.69579029083252,9.596850395202637,981436.0,8.925639152526855
2017-07-24,9.765049934387207,9.557279586791992,9.646320343017578,9.656209945678713,773828.0,8.980847358703613
2017-07-25,9.814510345458984,9.586959838867188,9.725469589233398,9.675999641418457,359017.0,8.999252319335938
2017-07-26,9.784830093383787,9.577070236206056,9.725469589233398,9.666110038757324,290994.0,8.990055084228516
2017-07-27,9.735360145568848,9.616640090942383,9.656209945678713,9.69579029083252,399649.0,9.017659187316896
2017-07-28,9.794730186462402,9.626529693603516,9.646320343017578,9.765049934387207,213571.0,9.082074165344238
2017-07-31,9.844189643859863,9.675999641418457,9.794730186462402,9.804619789123537,235605.0,9.118876457214355
2017-08-01,10.091500282287598,9.735360145568848,9.765049934387207,9.883769989013672,770088.0,9.192492485046387
2017-08-02,10.012399673461914,9.765049934387207,9.87386989593506,9.893659591674805,734207.0,9.201687812805176
2017-08-03,10.091500282287598,9.844189643859863,9.903559684753418,9.893659591674805,430578.0,9.201687812805176
2017-08-04,9.97280979156494,9.844189643859863,9.893659591674805,9.92333984375,262592.0,9.229293823242188
2017-08-07,10.437800407409668,10.190500259399414,10.190500259399414,10.368599891662598,1614973.0,9.643411636352539
2017-08-08,10.734600067138672,10.388299942016602,10.398200035095217,10.526900291442873,1943264.0,9.790640830993652
2017-08-09,9.863980293273926,9.220890045166016,9.745260238647461,9.349510192871094,9223075.0,8.695597648620605
2017-08-10,9.398980140686037,8.805359840393066,9.398980140686037,8.805359840393066,5730941.0,8.189506530761719
2017-08-11,9.121959686279297,8.597590446472168,8.854829788208008,8.656949996948242,3930394.0,8.05147647857666
2017-08-14,8.96366024017334,8.597590446472168,8.805359840393066,8.914190292358398,1409488.0,8.290724754333496
2017-08-15,9.10216999053955,8.90429973602295,8.993339538574219,8.933979988098145,1801254.0,8.309130668640138
2017-08-16,9.10216999053955,8.924079895019531,9.003230094909668,9.003230094909668,1351774.0,8.373537063598633
2017-08-17,9.14173984527588,8.924079895019531,9.05270004272461,9.05270004272461,1771740.0,8.419547080993652
2017-08-18,9.121959686279297,8.933979988098145,9.10216999053955,8.993339538574219,745426.0,8.364337921142576
2017-08-21,9.05270004272461,8.815250396728516,8.993339538574219,8.815250396728516,1176005.0,8.198704719543457
2017-08-22,8.90429973602295,8.72620964050293,8.835040092468262,8.78557014465332,1173478.0,8.171102523803711
2017-08-23,8.805359840393066,8.656949996948242,8.805359840393066,8.666850090026855,1179441.0,8.060684204101562
2017-08-24,9.05270004272461,8.666850090026855,8.666850090026855,9.003230094909668,1840976.0,8.373537063598633
2017-08-25,9.240679740905762,9.042810440063477,9.05270004272461,9.072489738464355,1496513.0,8.437952995300293
2017-08-28,9.398980140686037,8.924079895019531,9.14173984527588,9.398980140686037,2028268.0,8.741607666015625
2017-08-29,9.398980140686037,9.260470390319824,9.36929988861084,9.300040245056152,529530.0,8.649587631225586
2017-08-30,9.398980140686037,9.151639938354492,9.339619636535645,9.36929988861084,1750817.0,8.71400260925293
2017-08-31,9.438549995422363,9.290149688720703,9.319829940795898,9.389089584350586,781914.0,8.732407569885254
2017-09-01,9.646320343017578,9.398980140686037,9.438549995422363,9.56717014312744,1666015.0,8.89803409576416
2017-09-04,9.547380447387695,9.201109886169434,9.497920036315918,9.201109886169434,1416159.0,8.557577133178711
2017-09-05,9.36929988861084,8.993339538574219,9.309940338134766,9.240679740905762,1090496.0,8.594379425048826
2017-09-06,9.349510192871094,9.14173984527588,9.28026008605957,9.151639938354492,792022.0,8.511569023132324
2017-09-07,9.151639938354492,9.151639938354492,9.151639938354492,9.151639938354492,0.0,8.511569023132324
2017-09-08,9.250570297241213,9.092280387878418,9.211000442504883,9.201109886169434,973956.0,8.557577133178711
2017-09-11,9.319829940795898,9.151639938354492,9.201109886169434,9.211000442504883,676190.0,8.566776275634767
2017-09-12,9.250570297241213,9.14173984527588,9.220890045166016,9.171420097351074,624237.0,8.529963493347168
2017-09-13,9.230790138244627,9.151639938354492,9.181320190429688,9.151639938354492,494862.0,8.511569023132324
2017-09-14,9.497920036315918,9.01313018798828,9.151639938354492,9.468239784240724,1181059.0,8.806022644042969
2017-09-15,9.804619789123537,9.398980140686037,9.537489891052246,9.626529693603516,1836832.0,8.953243255615234
2017-09-18,9.735360145568848,9.596850395202637,9.735360145568848,9.606749534606934,871972.0,8.934844970703125
2017-09-19,9.616640090942383,9.270359992980957,9.616640090942383,9.42866039276123,830834.0,8.769211769104004
2017-09-20,9.497920036315918,9.112059593200684,9.497920036315918,9.240679740905762,1485799.0,8.594379425048826
2017-09-21,9.260470390319824,8.87460994720459,9.260470390319824,8.973549842834473,1864830.0,8.345932960510254
2017-09-22,9.023019790649414,8.854829788208008,9.023019790649414,8.854829788208008,870759.0,8.235514640808105
2017-09-25,8.96366024017334,8.627269744873049,8.864720344543457,8.63716983795166,2722045.0,8.0330810546875
2017-09-26,8.943869590759277,8.63716983795166,8.755889892578125,8.696530342102049,1121525.0,8.088287353515625
2017-09-27,8.825149536132812,8.439290046691895,8.736100196838379,8.459079742431639,1532900.0,7.867445468902588
2017-09-28,8.558019638061522,8.340359687805176,8.558019638061522,8.360139846801758,687915.0,7.7754249572753915
2017-09-29,8.518440246582031,8.221630096435549,8.449190139770508,8.290889739990233,1607695.0,7.711019515991211
2017-10-02,8.498660087585451,8.182060241699219,8.330459594726562,8.261210441589355,1353998.0,7.683414936065674
2017-10-03,8.439290046691895,8.251310348510742,8.271100044250487,8.271100044250487,1740204.0,7.692614078521728
2017-10-04,8.389829635620117,8.211739540100098,8.32056999206543,8.211739540100098,1328325.0,7.637404918670653
2017-10-05,8.459079742431639,8.172160148620605,8.23153018951416,8.419509887695312,4069574.0,7.830643177032472
2017-10-06,8.617380142211914,8.310680389404299,8.459079742431639,8.558019638061522,2069809.0,7.959465503692628
2017-10-09,8.696530342102049,8.459079742431639,8.607489585876465,8.508549690246582,1938412.0,7.913455486297607
2017-10-10,8.577799797058105,8.271100044250487,8.518440246582031,8.310680389404299,1715239.0,7.7294254302978525
2017-10-11,8.379929542541504,8.211739540100098,8.300780296325684,8.281000137329103,4445067.0,7.701820373535156
2017-10-12,8.281000137329103,8.281000137329103,8.281000137329103,8.281000137329103,0.0,7.701820373535156
2017-10-13,8.340359687805176,7.994080066680907,8.340359687805176,8.043549537658691,2171794.0,7.480978012084961
2017-10-16,8.063340187072754,7.766520023345947,8.043549537658691,7.964399814605713,2946128.0,7.407363414764403
2017-10-17,8.201849937438965,7.934720039367676,7.944610118865968,8.093020439147951,1828847.0,7.526988506317139
2017-10-18,8.310680389404299,8.102910041809082,8.172160148620605,8.211739540100098,1612446.0,7.637404918670653
2017-10-19,8.211739540100098,7.994080066680907,8.211739540100098,8.112799644470215,852363.0,7.545383930206299
2017-10-20,8.201849937438965,8.063340187072754,8.162269592285156,8.112799644470215,706007.0,7.545383930206299
2017-10-23,8.172160148620605,8.033650398254395,8.102910041809082,8.033650398254395,549442.0,7.471770763397218
2017-10-24,8.290889739990233,8.033650398254395,8.043549537658691,8.261210441589355,2535360.0,7.683414936065674
2017-10-25,8.478870391845701,8.201849937438965,8.290889739990233,8.310680389404299,1233617.0,7.7294254302978525
2017-10-26,8.429400444030763,8.261210441589355,8.370039939880371,8.370039939880371,991847.0,7.7846312522888175
2017-10-27,8.370039939880371,8.132590293884277,8.330459594726562,8.211739540100098,252687.0,7.637404918670653
2017-10-30,8.310680389404299,7.9149298667907715,8.211739540100098,8.102910041809082,588356.0,7.53618574142456
2017-10-31,8.172160148620605,8.053440093994139,8.14247989654541,8.112799644470215,812338.0,7.545383930206299
2017-11-01,8.211739540100098,7.964399814605713,8.211739540100098,7.964399814605713,1516829.0,7.407363414764403
2017-11-02,7.964399814605713,7.964399814605713,7.964399814605713,7.964399814605713,0.0,7.407363414764403
2017-11-03,8.063340187072754,7.9248199462890625,8.063340187072754,8.013870239257812,724200.0,7.453373908996582
2017-11-06,8.132590293884277,7.964399814605713,8.013870239257812,8.073229789733888,492032.0,7.50858211517334
2017-11-07,8.162269592285156,7.637909889221191,8.063340187072754,8.013870239257812,1623867.0,7.453373908996582
2017-11-08,8.102910041809082,7.7863101959228525,8.013870239257812,7.944610118865968,984973.0,7.388957977294923
2017-11-09,8.251310348510742,7.618120193481445,8.162269592285156,7.618120193481445,3981437.0,7.0853028297424325
2017-11-10,7.6576900482177725,7.2817301750183105,7.6576900482177725,7.2817301750183105,1475085.0,6.772439956665039
2017-11-13,7.370779991149902,6.905779838562013,7.370779991149902,7.0244998931884775,1918298.0,6.533201217651367
2017-11-14,7.350989818572997,7.044290065765381,7.113540172576903,7.064070224761963,906539.0,6.570003986358643
2017-11-15,7.064070224761963,7.064070224761963,7.064070224761963,7.064070224761963,0.0,6.570003986358643
2017-11-16,7.242159843444824,7.083859920501709,7.163010120391847,7.143219947814941,1001145.0,6.643617630004883
2017-11-17,7.252049922943115,7.083859920501709,7.143219947814941,7.083859920501709,1934571.0,6.588408946990968
2017-11-20,7.083859920501709,7.083859920501709,7.083859920501709,7.083859920501709,0.0,6.588408946990968
2017-11-21,7.261950016021728,7.093760013580322,7.192689895629883,7.103650093078612,703076.0,6.6068153381347665
2017-11-22,7.172900199890138,6.925559997558594,7.172900199890138,7.1234397888183585,904114.0,6.625221252441406
2017-11-23,7.13332986831665,7.034389972686768,7.1234397888183585,7.103650093078612,234190.0,6.6068153381347665
2017-11-24,7.4103498458862305,7.093760013580322,7.1234397888183585,7.3015198707580575,1633368.0,6.79084587097168
2017-11-27,7.3905701637268075,7.212480068206787,7.3905701637268075,7.212480068206787,1304875.0,6.708033561706543
2017-11-28,7.3015198707580575,7.073969841003418,7.3015198707580575,7.202589988708496,729557.0,6.698835372924805
2017-11-29,7.2817301750183105,7.0244998931884775,7.242159843444824,7.093760013580322,1005795.0,6.597616672515869
2017-11-30,7.073969841003418,6.72769021987915,7.073969841003418,6.846409797668457,911795.0,6.367566108703612
2017-12-01,7.261950016021728,6.678219795227051,6.866199970245361,7.064070224761963,1604360.0,6.570003986358643
2017-12-04,7.172900199890138,6.935460090637207,7.103650093078612,6.945350170135497,448671.0,6.459587097167969
2017-12-05,7.093760013580322,6.767260074615479,6.99482011795044,6.826630115509032,685590.0,6.349170684814452
2017-12-06,6.915669918060303,6.678219795227051,6.836520195007324,6.7178001403808585,773828.0,6.247952461242676
2017-12-07,6.698009967803955,6.450669765472412,6.698009967803955,6.480350017547607,1430410.0,6.027108669281006
2017-12-08,6.549600124359131,6.26269006729126,6.549600124359131,6.391310214996338,1632459.0,5.944296360015869
2017-12-11,6.7178001403808585,6.450669765472412,6.500140190124513,6.4902400970458975,986186.0,6.036307334899902
2017-12-12,6.500140190124513,6.282470226287843,6.4902400970458975,6.480350017547607,553485.0,6.027108669281006
2017-12-13,6.6188597679138175,6.430880069732666,6.519919872283936,6.460559844970702,905933.0,6.0087037086486825
2017-12-14,6.925559997558594,6.4902400970458975,6.4902400970458975,6.866199970245361,3169604.0,6.385972499847412
2017-12-15,7.103650093078612,6.866199970245361,6.8859901428222665,7.0244998931884775,3039925.0,6.533201217651367
2017-12-18,7.143219947814941,6.806839942932129,7.1234397888183585,6.806839942932129,1164684.0,6.330764293670653
2017-12-19,6.85630989074707,6.678219795227051,6.806839942932129,6.698009967803955,1454365.0,6.229545593261719
2017-12-20,6.836520195007324,6.569389820098878,6.7474799156188965,6.698009967803955,1016104.0,6.229545593261719
2017-12-21,6.836520195007324,6.658430099487305,6.806839942932129,6.826630115509032,878238.0,6.349170684814452
2017-12-22,6.955249786376952,6.777160167694093,6.846409797668457,6.955249786376952,687510.0,6.468794822692871
2017-12-25,6.955249786376952,6.955249786376952,6.955249786376952,6.955249786376952,0.0,6.468794822692871
2017-12-26,7.093760013580322,6.915669918060303,6.955249786376952,7.0244998931884775,608773.0,6.533201217651367
2017-12-27,7.212480068206787,7.054180145263673,7.073969841003418,7.103650093078612,645362.0,6.6068153381347665
2017-12-28,7.202589988708496,6.975029945373535,7.153120040893555,6.975029945373535,1648833.0,6.487191200256348
2017-12-29,6.975029945373535,6.975029945373535,6.975029945373535,6.975029945373535,0.0,6.487191200256348
2018-01-02,7.321310043334961,6.935460090637207,6.975029945373535,7.2718400955200195,1112328.0,6.763241767883301
2018-01-03,7.598330020904541,7.2817301750183105,7.2817301750183105,7.449930191040039,1990567.0,6.928875923156737
2018-01-04,7.835780143737793,7.519179821014403,7.578549861907959,7.667590141296388,2072437.0,7.131312370300293
2018-01-05,7.9149298667907715,7.618120193481445,7.707159996032715,7.845670223236084,1643577.0,7.3636956214904785
2018-01-08,7.86545991897583,7.578549861907959,7.86545991897583,7.628009796142577,1153162.0,7.159406661987305
2018-01-09,7.726950168609619,7.479609966278076,7.628009796142577,7.489500045776367,627674.0,7.029405117034912
2018-01-10,7.529079914093018,7.222370147705077,7.469719886779785,7.529079914093018,672046.0,7.066554069519043
2018-01-11,7.756629943847656,7.558760166168213,7.558760166168213,7.736839771270753,685489.0,7.261551380157472
2018-01-12,7.7863101959228525,7.430140018463135,7.647799968719482,7.58843994140625,866918.0,7.122268199920653
2018-01-15,7.726950168609619,7.628009796142577,7.726950168609619,7.697269916534424,395404.0,7.22441291809082
2018-01-16,7.815989971160889,7.628009796142577,7.756629943847656,7.717060089111327,662039.0,7.24298620223999
2018-01-17,7.756629943847656,7.598330020904541,7.746739864349365,7.726950168609619,504666.0,7.252269268035889
2018-01-18,7.717060089111327,7.509290218353271,7.667590141296388,7.578549861907959,519120.0,7.112985134124756
2018-01-19,7.647799968719482,7.489500045776367,7.628009796142577,7.529079914093018,364677.0,7.066554069519043
2018-01-22,7.58843994140625,7.350989818572997,7.49940013885498,7.469719886779785,494660.0,7.0108399391174325
2018-01-23,7.459819793701173,7.143219947814941,7.459819793701173,7.212480068206787,1167717.0,6.7694034576416025
2018-01-24,7.4004597663879395,7.222370147705077,7.232269763946532,7.4004597663879395,1123143.0,6.945836067199707
2018-01-25,7.4004597663879395,7.4004597663879395,7.4004597663879395,7.4004597663879395,0.0,6.945836067199707
2018-01-26,7.667590141296388,7.440030097961426,7.449930191040039,7.608230113983153,911088.0,7.140841960906982
2018-01-29,8.261210441589355,7.756629943847656,7.756629943847656,8.261210441589355,3318184.0,7.753709316253662
2018-01-30,8.409609794616701,8.112799644470215,8.290889739990233,8.112799644470215,1566052.0,7.614414691925049
2018-01-31,8.360139846801758,8.162269592285156,8.201849937438965,8.191949844360353,1218861.0,7.688702583312987
2018-02-01,8.191949844360353,8.013870239257812,8.162269592285156,8.023759841918945,763316.0,7.530844688415527
2018-02-02,8.083120346069336,7.845670223236084,8.013870239257812,8.083120346069336,693676.0,7.5865583419799805
2018-02-05,8.063340187072754,7.746739864349365,8.063340187072754,7.746739864349365,520737.0,7.270842552185059
2018-02-06,7.934720039367676,7.469719886779785,7.6576900482177725,7.736839771270753,1199960.0,7.261551380157472
2018-02-07,7.954500198364258,7.736839771270753,7.77642011642456,7.7863101959228525,494963.0,7.307982444763184
2018-02-08,7.9149298667907715,7.5488600730896,7.746739864349365,7.667590141296388,821839.0,7.196555137634277
2018-02-09,7.726950168609619,7.479609966278076,7.6576900482177725,7.618120193481445,348000.0,7.150124549865723
2018-02-15,8.053440093994139,7.736839771270753,7.845670223236084,8.053440093994139,1385937.0,7.558701992034912
2018-02-16,8.14247989654541,7.875349998474121,8.083120346069336,7.934720039367676,1651562.0,7.447275161743164
2018-02-19,8.073229789733888,7.954500198364258,7.994080066680907,7.954500198364258,434318.0,7.465840339660644
2018-02-20,7.944610118865968,7.835780143737793,7.934720039367676,7.934720039367676,479195.0,7.447275161743164
2018-02-21,8.112799644470215,7.934720039367676,7.944610118865968,8.063340187072754,683669.0,7.5679931640625
2018-02-22,8.290889739990233,8.043549537658691,8.102910041809082,8.132590293884277,679323.0,7.6329898834228525
2018-02-23,8.182060241699219,7.934720039367676,8.14247989654541,7.984189987182617,767258.0,7.49370527267456
2018-02-26,8.093020439147951,7.86545991897583,8.073229789733888,7.964399814605713,426636.0,7.475131511688232
2018-02-27,7.994080066680907,7.726950168609619,7.964399814605713,7.815989971160889,685590.0,7.335838317871094
2018-02-28,7.825890064239503,7.529079914093018,7.825890064239503,7.538969993591309,670429.0,7.075836181640625
2018-03-01,7.855569839477539,7.558760166168213,7.628009796142577,7.855569839477539,741484.0,7.372986793518066
2018-03-02,7.994080066680907,7.677480220794678,7.717060089111327,7.994080066680907,579360.0,7.502987861633301
2018-03-05,7.994080066680907,7.766520023345947,7.994080066680907,7.7863101959228525,542569.0,7.307982444763184
2018-03-06,7.855569839477539,7.598330020904541,7.835780143737793,7.647799968719482,409757.0,7.177980899810791
2018-03-07,7.687379837036133,7.3905701637268075,7.6576900482177725,7.598330020904541,366598.0,7.131549835205077
2018-03-08,7.697269916534424,7.469719886779785,7.529079914093018,7.5488600730896,481116.0,7.0851192474365225
2018-03-09,7.717060089111327,7.519179821014403,7.558760166168213,7.707159996032715,633637.0,7.233694076538086
2018-03-12,7.815989971160889,7.687379837036133,7.726950168609619,7.7863101959228525,420370.0,7.307982444763184
2018-03-13,7.855569839477539,7.746739864349365,7.806099891662598,7.7962098121643075,357703.0,7.3172736167907715
2018-03-14,7.8852500915527335,7.766520023345947,7.806099891662598,7.835780143737793,322125.0,7.354413032531737
2018-03-15,7.8852500915527335,7.726950168609619,7.7962098121643075,7.825890064239503,331626.0,7.345130443572997
2018-03-16,7.815989971160889,7.667590141296388,7.806099891662598,7.806099891662598,377615.0,7.326556205749513
2018-03-19,7.825890064239503,7.519179821014403,7.806099891662598,7.519179821014403,2350393.0,7.057262897491455
2018-03-20,7.746739864349365,7.519179821014403,7.558760166168213,7.647799968719482,417539.0,7.177980899810791
2018-03-21,7.974289894104004,7.321310043334961,7.9149298667907715,7.350989818572997,2691015.0,6.899404525756836
2018-03-22,7.459819793701173,7.182799816131593,7.360889911651611,7.222370147705077,737643.0,6.778686046600343
2018-03-23,7.2916297912597665,6.876090049743652,7.2718400955200195,6.935460090637207,2044136.0,6.509401321411133
2018-03-26,7.083859920501709,6.955249786376952,6.955249786376952,7.0146098136901855,459182.0,6.583689212799072
2018-03-27,7.073969841003418,6.8958802223205575,7.0244998931884775,6.8958802223205575,314140.0,6.4722533226013175
2018-03-28,7.054180145263673,6.72769021987915,6.935460090637207,7.054180145263673,1272733.0,6.620829105377197
2018-03-29,7.172900199890138,7.064070224761963,7.073969841003418,7.13332986831665,444830.0,6.695115566253662
2018-04-02,7.192689895629883,6.975029945373535,7.083859920501709,7.0244998931884775,621610.0,6.592970848083496
2018-04-03,7.252049922943115,7.083859920501709,7.103650093078612,7.232269763946532,509518.0,6.78797721862793
2018-04-04,7.440030097961426,7.064070224761963,7.163010120391847,7.3905701637268075,523567.0,6.936553478240968
2018-04-05,7.618120193481445,7.430140018463135,7.519179821014403,7.618120193481445,578451.0,7.171385765075684
2018-04-06,7.766520023345947,7.5488600730896,7.618120193481445,7.717060089111327,471817.0,7.264523506164551
2018-04-09,7.86545991897583,7.717060089111327,7.717060089111327,7.766520023345947,873993.0,7.311083316802978
2018-04-10,7.895140171051025,7.677480220794678,7.855569839477539,7.766520023345947,1406759.0,7.311083316802978
2018-04-11,7.875349998474121,7.707159996032715,7.717060089111327,7.825890064239503,213469.0,7.366971492767334
2018-04-12,7.8852500915527335,7.7962098121643075,7.815989971160889,7.86545991897583,655672.0,7.404221534729004
2018-04-13,7.86545991897583,7.756629943847656,7.855569839477539,7.815989971160889,263805.0,7.357651710510254
2018-04-16,8.063340187072754,7.766520023345947,7.835780143737793,8.063340187072754,1045113.0,7.590497016906737
2018-04-17,8.211739540100098,7.90503978729248,8.093020439147951,8.112799644470215,907247.0,7.637056350708008
2018-04-18,8.300780296325684,8.122699737548826,8.14247989654541,8.221630096435549,967690.0,7.7395057678222665
2018-04-19,8.300780296325684,8.152379989624022,8.211739540100098,8.261210441589355,460395.0,7.7767653465271
2018-04-20,8.251310348510742,8.102910041809082,8.201849937438965,8.162269592285156,325764.0,7.683625221252441
2018-04-23,8.360139846801758,8.112799644470215,8.112799644470215,8.261210441589355,630201.0,7.7767653465271
2018-04-24,8.459079742431639,8.221630096435549,8.221630096435549,8.449190139770508,1306897.0,7.953721046447754
2018-04-25,8.538229942321777,8.132590293884277,8.439290046691895,8.23153018951416,903608.0,7.748824596405028
2018-04-26,8.300780296325684,8.063340187072754,8.300780296325684,8.14247989654541,498096.0,7.664997577667236
2018-04-27,8.201849937438965,7.9149298667907715,8.102910041809082,7.9149298667907715,442202.0,7.454139709472656
2018-04-30,7.994080066680907,7.806099891662598,7.954500198364258,7.964399814605713,377312.0,7.5007286071777335
2018-05-02,8.093020439147951,7.667590141296388,7.9149298667907715,7.7962098121643075,1143155.0,7.342330455780028
2018-05-03,7.984189987182617,7.736839771270753,7.7962098121643075,7.9149298667907715,456251.0,7.454139709472656
2018-05-04,7.895140171051025,7.717060089111327,7.855569839477539,7.717060089111327,833766.0,7.267788887023926
2018-05-07,7.86545991897583,7.687379837036133,7.687379837036133,7.86545991897583,304639.0,7.407548904418945
2018-05-08,8.300780296325684,7.815989971160889,7.9149298667907715,8.300780296325684,1320036.0,7.817525863647461
2018-05-09,8.459079742431639,8.122699737548826,8.310680389404299,8.281000137329103,1582427.0,7.798898220062256
2018-05-10,8.666850090026855,8.083120346069336,8.508549690246582,8.409609794616701,1870894.0,7.920020580291747
2018-05-11,8.449190139770508,7.86545991897583,8.419509887695312,8.093020439147951,1309424.0,7.621860980987549
2018-05-14,8.122699737548826,7.707159996032715,8.112799644470215,7.9149298667907715,868636.0,7.454139709472656
2018-05-15,7.895140171051025,7.49940013885498,7.895140171051025,7.736839771270753,1450019.0,7.286417961120605
2018-05-16,7.895140171051025,7.647799968719482,7.717060089111327,7.815989971160889,774131.0,7.360958576202393
2018-05-17,7.90503978729248,7.538969993591309,7.677480220794678,7.568649768829347,1325798.0,7.128018856048584
2018-05-18,7.608230113983153,7.2817301750183105,7.568649768829347,7.608230113983153,1121020.0,7.165294170379639
2018-05-21,7.7863101959228525,7.5488600730896,7.717060089111327,7.667590141296388,503251.0,7.221198558807372
2018-05-22,7.90503978729248,7.519179821014403,7.717060089111327,7.815989971160889,1294262.0,7.360958576202393
2018-05-23,7.717060089111327,7.529079914093018,7.687379837036133,7.568649768829347,679728.0,7.128018856048584
2018-05-24,7.568649768829347,7.370779991149902,7.430140018463135,7.469719886779785,740878.0,7.034847736358643
2018-05-25,7.538969993591309,7.222370147705077,7.459819793701173,7.222370147705077,821434.0,6.801898956298827
2018-05-28,7.222370147705077,6.777160167694093,7.222370147705077,6.806839942932129,1128399.0,6.4105591773986825
2018-05-29,7.073969841003418,6.876090049743652,6.915669918060303,6.915669918060303,1409993.0,6.513052940368652
2018-05-30,6.99482011795044,6.846409797668457,6.965139865875244,6.846409797668457,1235841.0,6.447825908660889
2018-06-01,7.2718400955200195,6.8958802223205575,6.925559997558594,7.252049922943115,1094437.0,6.829850196838379
2018-06-04,7.469719886779785,7.113540172576903,7.370779991149902,7.222370147705077,613018.0,6.801898956298827
2018-06-05,7.2817301750183105,6.975029945373535,7.222370147705077,7.0146098136901855,480408.0,6.606233596801758
2018-06-06,7.0244998931884775,6.57928991317749,7.0047101974487305,6.6287498474121085,1334995.0,6.242837429046631
2018-06-07,6.6287498474121085,6.114280223846436,6.6287498474121085,6.26269006729126,2176847.0,5.898088455200195
2018-06-08,6.401199817657472,5.98567008972168,6.322050094604492,6.064819812774657,2515751.0,5.711738109588622
2018-06-11,6.193429946899414,5.946090221405028,6.143959999084473,6.114280223846436,1040160.0,5.75831937789917
2018-06-12,6.1241798400878915,5.8273701667785645,6.1241798400878915,5.926300048828125,2638052.0,5.581283092498778
2018-06-13,5.965879917144775,5.708640098571777,5.926300048828125,5.936200141906737,1527543.0,5.590607166290283
2018-06-14,6.054920196533202,5.886730194091798,5.995560169219972,5.89661979675293,352043.0,5.553330898284912
2018-06-15,5.936200141906737,5.540450096130371,5.906519889831543,5.688859939575195,990229.0,5.357666492462158
2018-06-18,5.639389991760254,5.382150173187256,5.639389991760254,5.451409816741943,782015.0,5.134039402008057
2018-06-19,5.659170150756836,5.322790145874023,5.3425798416137695,5.540450096130371,1152758.0,5.217896938323975
2018-06-20,5.678959846496582,5.441510200500488,5.669069766998291,5.441510200500488,1689667.0,5.124716758728027
2018-06-21,5.500879764556885,5.322790145874023,5.421730041503906,5.411829948425293,786766.0,5.096763610839844
2018-06-22,5.500879764556885,5.382150173187256,5.441510200500488,5.441510200500488,906034.0,5.124716758728027
2018-06-25,5.570129871368408,5.4612998962402335,5.4612998962402335,5.520659923553467,471210.0,5.199257850646973
2018-06-26,5.5899200439453125,5.431620121002197,5.520659923553467,5.441510200500488,829015.0,5.124716758728027
2018-06-27,5.698750019073486,5.4612998962402335,5.471199989318848,5.698750019073486,1171558.0,5.366981029510498
2018-06-28,5.758110046386719,5.431620121002197,5.708640098571777,5.431620121002197,1540481.0,5.115402698516847
2018-06-29,5.520659923553467,5.3425798416137695,5.481090068817139,5.3425798416137695,837505.0,5.031545639038086
2018-07-02,5.362360000610352,5.0655598640441895,5.3326802253723145,5.124919891357422,666487.0,4.856189250946045
2018-07-03,5.243639945983887,5.134809970855713,5.204070091247559,5.184279918670653,805667.0,4.912437915802002
2018-07-04,5.283219814300537,5.144700050354004,5.2238497734069815,5.154600143432617,353256.0,4.884313106536865
2018-07-05,5.243639945983887,4.966619968414307,5.174389839172363,4.986410140991211,791112.0,4.724943161010742
2018-07-06,5.154600143432617,4.897359848022461,4.996300220489502,5.03587007522583,977191.0,4.771809101104736
2018-07-10,5.164490222930908,5.03587007522583,5.124919891357422,5.045770168304443,992756.0,4.781189441680908
2018-07-11,5.055659770965576,4.976510047912598,5.045770168304443,5.006189823150635,1020552.0,4.743685722351074
2018-07-12,5.283219814300537,5.025979995727539,5.03587007522583,5.194169998168945,821940.0,4.92180871963501
2018-07-13,5.53056001663208,5.21396017074585,5.243639945983887,5.431620121002197,847107.0,5.146807670593262
2018-07-16,5.520659923553467,5.362360000610352,5.481090068817139,5.4612998962402335,455948.0,5.174931049346924
2018-07-17,5.639389991760254,5.421730041503906,5.481090068817139,5.639389991760254,755534.0,5.343683242797852
2018-07-18,5.817470073699951,5.382150173187256,5.708640098571777,5.481090068817139,935750.0,5.193684101104736
2018-07-19,5.540450096130371,5.3129000663757315,5.471199989318848,5.3425798416137695,640814.0,5.062436580657959
2018-07-20,5.787789821624756,5.471199989318848,5.471199989318848,5.738319873809815,737744.0,5.437425136566162
2018-07-23,6.08459997177124,5.738319873809815,5.738319873809815,6.074709892272949,1099188.0,5.756175994873048
2018-07-24,6.203330039978027,5.98567008972168,6.143959999084473,6.015349864959718,945150.0,5.699929237365723
2018-07-25,6.08459997177124,5.906519889831543,6.025239944458008,5.946090221405028,494154.0,5.63430118560791
2018-07-26,6.08459997177124,5.797689914703369,5.975769996643066,5.936200141906737,545298.0,5.624929428100586
2018-07-27,6.193429946899414,5.975769996643066,5.975769996643066,6.143959999084473,791617.0,5.8217949867248535
2018-07-30,6.282470226287843,5.98567008972168,6.2330098152160645,5.98567008972168,987702.0,5.6718058586120605
2018-07-31,6.045030117034912,5.678959846496582,6.005449771881104,5.748219966888428,977999.0,5.446805953979492
2018-08-01,6.025239944458008,5.550340175628662,5.777900218963622,6.005449771881104,787473.0,5.6905479431152335
2018-08-02,6.1043901443481445,5.876830101013184,5.98567008972168,5.98567008972168,573801.0,5.6718058586120605
2018-08-03,6.08459997177124,5.965879917144775,6.054920196533202,5.965879917144775,790809.0,5.653053283691406
2018-08-06,6.064819812774657,5.89661979675293,5.965879917144775,5.98567008972168,365284.0,5.6718058586120605
2018-08-07,6.074709892272949,5.965879917144775,6.005449771881104,6.054920196533202,528014.0,5.737423896789551
2018-08-08,6.163750171661378,6.045030117034912,6.054920196533202,6.114280223846436,554294.0,5.79367208480835
2018-08-09,6.6188597679138175,6.2132201194763175,6.282470226287843,6.599070072174072,3232169.0,6.25304126739502
2018-08-10,6.7178001403808585,6.341839790344237,6.6089701652526855,6.6089701652526855,2374449.0,6.262422561645508
2018-08-13,6.6188597679138175,6.480350017547607,6.6089701652526855,6.529819965362549,1355413.0,6.187422752380371
2018-08-14,6.658430099487305,6.450669765472412,6.53971004486084,6.529819965362549,1182474.0,6.187422752380371
2018-08-15,6.559500217437744,6.391310214996338,6.480350017547607,6.4902400970458975,1414238.0,6.149918079376222
2018-08-16,6.599070072174072,6.391310214996338,6.549600124359131,6.411089897155763,1128601.0,6.074918270111084
2018-08-17,6.381410121917725,6.153860092163086,6.381410121917725,6.183539867401122,1462956.0,5.859300136566162
2018-08-20,6.282470226287843,6.1043901443481445,6.203330039978027,6.183539867401122,347495.0,5.859300136566162
2018-08-21,6.193429946899414,5.946090221405028,6.193429946899414,6.005449771881104,688420.0,5.6905479431152335
2018-08-22,6.0945000648498535,5.936200141906737,5.975769996643066,6.064819812774657,323136.0,5.746804714202881
2018-08-23,6.173649787902832,5.975769996643066,6.0945000648498535,5.975769996643066,605539.0,5.662424564361572
2018-08-24,6.064819812774657,5.8570499420166025,6.045030117034912,5.975769996643066,323540.0,5.662424564361572
2018-08-27,6.2231101989746085,5.936200141906737,5.936200141906737,6.203330039978027,508709.0,5.878052711486816
2018-08-28,6.252789974212647,5.975769996643066,6.203330039978027,5.98567008972168,1115360.0,5.6718058586120605
2018-08-29,6.143959999084473,6.005449771881104,6.025239944458008,6.035130023956299,358310.0,5.718672275543213
2018-08-30,6.035130023956299,5.817470073699951,6.035130023956299,5.866940021514893,517907.0,5.559301853179932
2018-08-31,6.114280223846436,5.946090221405028,6.0945000648498535,5.9559898376464835,879653.0,5.643681526184082
2018-09-03,6.183539867401122,5.906519889831543,5.9559898376464835,6.025239944458008,511943.0,5.709300994873048
2018-09-04,6.08459997177124,5.876830101013184,6.054920196533202,5.876830101013184,642128.0,5.56867265701294
2018-09-05,6.045030117034912,5.8570499420166025,5.89661979675293,5.946090221405028,344159.0,5.63430118560791
2018-09-06,6.015349864959718,5.866940021514893,5.965879917144775,5.9559898376464835,275732.0,5.643681526184082
2018-09-10,6.08459997177124,5.975769996643066,5.98567008972168,6.025239944458008,305852.0,5.709300994873048
2018-09-11,6.054920196533202,5.8570499420166025,5.98567008972168,5.906519889831543,341127.0,5.5968055725097665
2018-09-12,5.995560169219972,5.8570499420166025,5.9559898376464835,5.936200141906737,473535.0,5.624929428100586
2018-09-13,5.965879917144775,5.599810123443604,5.965879917144775,5.61959981918335,687915.0,5.324930667877197
2018-09-14,5.659170150756836,5.4612998962402335,5.599810123443604,5.6294898986816415,869748.0,5.334300994873047
2018-09-17,5.876830101013184,5.609710216522217,5.669069766998291,5.876830101013184,382972.0,5.56867265701294
2018-09-18,6.183539867401122,5.80757999420166,5.876830101013184,6.173649787902832,617263.0,5.84992790222168
2018-09-19,6.163750171661378,5.98567008972168,6.1340699195861825,5.98567008972168,526498.0,5.6718058586120605
2018-09-20,6.1241798400878915,6.005449771881104,6.035130023956299,6.074709892272949,207910.0,5.756175994873048
2018-09-21,6.2231101989746085,6.025239944458008,6.114280223846436,6.2231101989746085,426636.0,5.8967957496643075
2018-09-24,6.322050094604492,6.054920196533202,6.183539867401122,6.1043901443481445,412284.0,5.784300327301025
2018-09-25,6.035130023956299,5.876830101013184,6.035130023956299,5.936200141906737,1193895.0,5.624929428100586
2018-09-26,6.005449771881104,5.738319873809815,5.9559898376464835,5.738319873809815,802331.0,5.437425136566162
2018-09-27,5.886730194091798,5.758110046386719,5.777900218963622,5.886730194091798,2493009.0,5.5780534744262695
2018-09-28,5.936200141906737,5.787789821624756,5.80757999420166,5.797689914703369,445537.0,5.493682384490967
2018-10-01,5.906519889831543,5.748219966888428,5.80757999420166,5.837259769439697,434924.0,5.531177043914795
2018-10-02,6.035130023956299,5.926300048828125,5.946090221405028,5.995560169219972,859236.0,5.6811771392822275
2018-10-03,6.648540019989014,6.064819812774657,6.064819812774657,6.430880069732666,1671170.0,6.09367036819458
2018-10-04,6.6089701652526855,6.252789974212647,6.381410121917725,6.391310214996338,842862.0,6.056175231933594
2018-10-05,6.53971004486084,6.26269006729126,6.450669765472412,6.351729869842528,261379.0,6.0186705589294425
2018-10-08,6.737579822540282,6.440770149230957,6.638649940490723,6.549600124359131,645160.0,6.206165790557861
2018-10-09,6.658430099487305,6.4902400970458975,6.549600124359131,6.6089701652526855,656885.0,6.262422561645508
2018-10-10,6.599070072174072,6.322050094604492,6.599070072174072,6.391310214996338,313635.0,6.056175231933594
2018-10-11,6.5100297927856445,6.272580146789551,6.4902400970458975,6.361629962921143,277046.0,6.0280518531799325
2018-10-15,6.925559997558594,6.5100297927856445,6.53971004486084,6.707900047302246,1376739.0,6.3561644554138175
2018-10-16,7.073969841003418,6.787049770355225,6.826630115509032,7.064070224761963,1243927.0,6.6936588287353525
2018-10-17,7.212480068206787,6.846409797668457,7.073969841003418,7.0244998931884775,1155284.0,6.656162738800049
2018-10-18,7.192689895629883,6.9849300384521475,7.0146098136901855,7.073969841003418,758768.0,6.703038692474365
2018-10-19,7.252049922943115,7.0047101974487305,7.113540172576903,7.073969841003418,561773.0,6.703038692474365
2018-10-22,7.3015198707580575,7.1234397888183585,7.1234397888183585,7.3015198707580575,431993.0,6.918657779693604
2018-10-23,7.420249938964844,7.103650093078612,7.2718400955200195,7.3806700706481925,590074.0,6.993656635284424
2018-10-24,7.420249938964844,7.13332986831665,7.3806700706481925,7.321310043334961,630201.0,6.9374098777771
2018-10-25,7.430140018463135,7.0244998931884775,7.370779991149902,7.212480068206787,1249992.0,6.834286689758301
2018-10-26,7.4103498458862305,7.054180145263673,7.143219947814941,7.370779991149902,1205923.0,6.984286785125732
2018-10-29,7.370779991149902,7.370779991149902,7.370779991149902,7.370779991149902,0.0,7.076187610626222
2018-10-30,7.855569839477539,7.172900199890138,7.182799816131593,7.855569839477539,1169839.0,7.5416016578674325
2018-10-31,7.845670223236084,7.578549861907959,7.806099891662598,7.806099891662598,1199353.0,7.4941086769104
2018-11-01,8.112799644470215,7.726950168609619,7.855569839477539,7.895140171051025,1151343.0,7.579590320587157
2018-11-05,8.013870239257812,7.835780143737793,7.934720039367676,7.934720039367676,653246.0,7.617588520050049
2018-11-06,8.073229789733888,7.77642011642456,7.895140171051025,7.855569839477539,612108.0,7.5416016578674325
2018-11-07,7.964399814605713,7.677480220794678,7.895140171051025,7.7863101959228525,582089.0,7.475110054016112
2018-11-08,8.093020439147951,7.7962098121643075,8.093020439147951,7.895140171051025,1562616.0,7.579590320587157
2018-11-09,7.974289894104004,7.529079914093018,7.934720039367676,7.6576900482177725,870557.0,7.351630687713622
2018-11-12,7.845670223236084,7.578549861907959,7.707159996032715,7.697269916534424,612614.0,7.389628887176514
2018-11-13,7.954500198364258,7.647799968719482,7.717060089111327,7.756629943847656,950103.0,7.446615695953369
2018-11-14,7.835780143737793,7.628009796142577,7.756629943847656,7.766520023345947,1961760.0,7.456110954284668
2018-11-16,8.162269592285156,7.7863101959228525,7.7863101959228525,8.122699737548826,1174084.0,7.798054695129394
2018-11-19,8.182060241699219,7.964399814605713,8.102910041809082,8.162269592285156,995485.0,7.836042881011963
2018-11-21,8.112799644470215,7.8852500915527335,8.112799644470215,7.895140171051025,672046.0,7.579590320587157
2018-11-22,8.112799644470215,7.8852500915527335,7.974289894104004,7.944610118865968,470503.0,7.627082824707031
2018-11-23,7.964399814605713,7.766520023345947,7.944610118865968,7.895140171051025,258246.0,7.579590320587157
2018-11-26,8.182060241699219,7.7863101959228525,8.083120346069336,7.895140171051025,847411.0,7.579590320587157
2018-11-27,7.994080066680907,7.697269916534424,7.9149298667907715,7.9149298667907715,1511472.0,7.598589897155763
2018-11-28,7.974289894104004,7.815989971160889,7.9248199462890625,7.875349998474121,1149220.0,7.560591220855713
2018-11-29,8.013870239257812,7.835780143737793,7.835780143737793,7.944610118865968,757656.0,7.627082824707031
2018-11-30,8.013870239257812,7.835780143737793,7.895140171051025,7.9149298667907715,1075739.0,7.598589897155763
2018-12-03,8.083120346069336,7.815989971160889,7.964399814605713,7.815989971160889,1244331.0,7.503603458404541
2018-12-04,8.043549537658691,7.707159996032715,7.835780143737793,7.766520023345947,1304168.0,7.456110954284668
2018-12-05,7.9149298667907715,7.77642011642456,7.835780143737793,7.7863101959228525,822546.0,7.475110054016112
2018-12-06,7.835780143737793,7.628009796142577,7.726950168609619,7.697269916534424,944341.0,7.389628887176514
2018-12-07,7.756629943847656,7.331200122833253,7.726950168609619,7.341100215911865,1686736.0,7.047694206237793
2018-12-10,7.4004597663879395,6.915669918060303,7.341100215911865,7.163010120391847,2021496.0,6.876721858978272
2018-12-11,7.360889911651611,7.044290065765381,7.182799816131593,7.192689895629883,807183.0,6.905215740203857
2018-12-12,7.509290218353271,7.232269763946532,7.232269763946532,7.49940013885498,872679.0,7.199667453765869
2018-12-13,7.608230113983153,7.449930191040039,7.49940013885498,7.538969993591309,2521614.0,7.237655639648437
2018-12-14,7.825890064239503,7.489500045776367,7.578549861907959,7.717060089111327,576934.0,7.408627986907959
2018-12-17,7.86545991897583,7.667590141296388,7.835780143737793,7.687379837036133,1004784.0,7.380133628845215
2018-12-18,7.855569839477539,7.736839771270753,7.806099891662598,7.7962098121643075,1259594.0,7.48461389541626
2018-12-19,7.974289894104004,7.806099891662598,7.845670223236084,7.875349998474121,1446986.0,7.560591220855713
2018-12-20,7.944610118865968,7.746739864349365,7.90503978729248,7.9149298667907715,774738.0,7.598589897155763
2018-12-21,7.994080066680907,7.766520023345947,7.815989971160889,7.944610118865968,931404.0,7.767282009124756
2018-12-26,8.201849937438965,7.766520023345947,7.934720039367676,8.172160148620605,588760.0,7.989753246307372
2018-12-27,8.399720191955566,8.043549537658691,8.112799644470215,8.399720191955566,608571.0,8.212233543395996
2018-12-28,8.597590446472168,8.340359687805176,8.449190139770508,8.508549690246582,934133.0,8.318634033203125
2019-01-02,8.953760147094727,8.429400444030763,8.508549690246582,8.953760147094727,873387.0,8.753907203674316
2019-01-03,9.201109886169434,8.815250396728516,8.953760147094727,9.201109886169434,857316.0,8.995737075805664
2019-01-04,9.201109886169434,8.835040092468262,9.201109886169434,8.983449935913086,1156700.0,8.78293514251709
2019-01-07,9.10216999053955,8.746000289916992,9.003230094909668,8.993339538574219,719955.0,8.792603492736816
2019-01-08,9.01313018798828,8.72620964050293,9.003230094909668,8.87460994720459,587345.0,8.67652416229248
2019-01-09,9.082380294799805,8.864720344543457,8.914190292358398,9.072489738464355,1639028.0,8.869986534118652
2019-01-10,9.14173984527588,8.983449935913086,9.092280387878418,9.023019790649414,425727.0,8.821621894836426
2019-01-11,9.319829940795898,9.023019790649414,9.05270004272461,9.230790138244627,1029750.0,9.02475357055664
2019-01-14,9.398980140686037,9.181320190429688,9.240679740905762,9.300040245056152,685186.0,9.092458724975586
2019-01-15,9.497920036315918,9.062600135803224,9.398980140686037,9.10216999053955,1072100.0,8.899004936218262
2019-01-16,9.557279586791992,9.151639938354492,9.151639938354492,9.478130340576172,1367946.0,9.266573905944824
2019-01-17,9.577070236206056,9.300040245056152,9.547380447387695,9.398980140686037,1218254.0,9.189188957214355
2019-01-18,9.537489891052246,9.329719543457033,9.448450088500977,9.488019943237305,694484.0,9.27624225616455
2019-01-21,9.794730186462402,9.339619636535645,9.488019943237305,9.626529693603516,877632.0,9.411660194396973
2019-01-22,9.87386989593506,9.527600288391113,9.666110038757324,9.547380447387695,1321654.0,9.334278106689453
2019-01-23,9.646320343017578,9.151639938354492,9.636429786682127,9.300040245056152,1654190.0,9.092458724975586
2019-01-24,9.646320343017578,9.260470390319824,9.379190444946287,9.557279586791992,1848658.0,9.343955993652344
2019-01-28,9.784830093383787,9.408869743347168,9.537489891052246,9.69579029083252,664465.0,9.479375839233398
2019-01-29,9.863980293273926,9.705679893493652,9.715579986572266,9.844189643859863,676999.0,9.62446117401123
2019-01-30,9.913450241088867,9.715579986572266,9.87386989593506,9.893659591674805,989016.0,9.67282772064209
2019-01-31,10.170700073242188,9.745260238647461,9.933239936828613,9.814510345458984,781914.0,9.59544563293457
2019-02-01,9.933239936828613,9.646320343017578,9.824410438537598,9.765049934387207,976079.0,9.547088623046877
2019-02-04,10.279500007629396,9.675999641418457,9.804619789123537,9.814510345458984,1755871.0,9.59544563293457
2019-02-05,9.962920188903807,9.616640090942383,9.854089736938477,9.794730186462402,952528.0,9.576106071472168
2019-02-06,10.042099952697754,9.745260238647461,9.943129539489746,9.745260238647461,2132981.0,9.527740478515623
2019-02-07,9.97280979156494,9.488019943237305,9.794730186462402,9.616640090942383,704592.0,9.401991844177246
2019-02-08,10.12119960784912,9.646320343017578,9.745260238647461,9.992600440979004,2625822.0,9.769560813903807
2019-02-11,10.190500259399414,9.804619789123537,10.101400375366213,9.893659591674805,703379.0,9.67282772064209
2019-02-12,10.517000198364258,9.893659591674805,10.052000045776367,10.487299919128418,1783464.0,10.253218650817873
2019-02-13,10.883000373840332,10.358699798583984,10.487299919128418,10.823699951171877,1290118.0,10.582109451293944
2019-02-14,11.021499633789062,10.605999946594238,10.883000373840332,11.021499633789062,1179947.0,10.775494575500488
2019-02-15,11.140299797058104,10.823699951171877,11.031399726867676,10.982000350952148,797379.0,10.73687744140625
2019-02-18,11.071000099182127,10.685199737548828,11.071000099182127,10.833600044250488,614534.0,10.591788291931152
2019-02-19,10.962200164794922,10.813799858093262,10.962200164794922,10.962200164794922,701762.0,10.717517852783203
2019-02-20,11.071000099182127,10.665399551391602,11.01159954071045,10.744500160217283,840436.0,10.504678726196287
2019-02-21,10.883000373840332,10.546600341796877,10.813799858093262,10.734600067138672,1124052.0,10.49499797821045
2019-02-22,10.833600044250488,10.625800132751463,10.625800132751463,10.744500160217283,568444.0,10.504678726196287
2019-02-25,11.130399703979492,10.754400253295898,10.764300346374512,11.130399703979492,1915569.0,10.881962776184082
2019-02-26,11.575599670410154,11.110600471496582,11.12049961090088,11.526100158691404,1631347.0,11.268831253051758
2019-02-27,11.714099884033205,11.33810043334961,11.575599670410154,11.377699851989744,834473.0,11.123744010925293
2019-02-28,11.78339958190918,11.229299545288086,11.773500442504885,11.47659969329834,3199623.0,11.220436096191406
2019-03-01,11.753700256347654,11.29860019683838,11.65470027923584,11.674500465393065,1639433.0,11.413920402526855
2019-03-07,11.61520004272461,11.258999824523926,11.595399856567385,11.258999824523926,1118796.0,11.00769329071045
2019-03-08,11.446999549865724,11.249099731445312,11.29860019683838,11.328200340270994,1315286.0,11.07534885406494
2019-03-11,11.61520004272461,11.328200340270994,11.328200340270994,11.47659969329834,979212.0,11.220436096191406
2019-03-12,11.526100158691404,11.288700103759766,11.526100158691404,11.288700103759766,672248.0,11.03672981262207
2019-03-13,11.545900344848633,11.268899917602539,11.35789966583252,11.516200065612793,668306.0,11.25915241241455
2019-03-14,11.872400283813475,11.456899642944336,11.516200065612793,11.872400283813475,1024494.0,11.607402801513672
2019-03-15,12.189000129699707,11.902099609375,11.921899795532227,12.16919994354248,1043294.0,11.897577285766602
2019-03-18,12.347299575805664,11.921899795532227,12.268099784851074,11.981200218200685,885314.0,11.713773727416992
2019-03-19,12.129599571228027,11.803099632263185,12.00100040435791,11.862500190734865,515582.0,11.597723960876465
2019-03-20,11.97130012512207,11.65470027923584,11.911999702453613,11.723999977111815,720966.0,11.46231460571289
2019-03-21,11.812999725341795,11.100700378417967,11.773500442504885,11.377699851989744,1179542.0,11.123744010925293
2019-03-22,11.46679973602295,10.902799606323242,11.140299797058104,10.982000350952148,686500.0,10.73687744140625
2019-03-25,11.090800285339355,10.734600067138672,10.883000373840332,11.061100006103516,671743.0,10.814210891723633
2019-03-26,11.219400405883787,10.883000373840332,11.169899940490724,11.061100006103516,984266.0,10.814210891723633
2019-03-27,11.031399726867676,10.427900314331056,11.021499633789062,10.427900314331056,802634.0,10.195143699645996
2019-03-28,10.87310028076172,10.447699546813963,10.447699546813963,10.87310028076172,846097.0,10.630407333374023
2019-03-29,11.080900192260742,10.734600067138672,11.080900192260742,10.734600067138672,639298.0,10.49499797821045
2019-04-01,11.031399726867676,10.655500411987305,10.883000373840332,10.982000350952148,730467.0,10.73687744140625
2019-04-02,10.972100257873537,10.754400253295898,10.962200164794922,10.883000373840332,393989.0,10.64008617401123
2019-04-03,11.100700378417967,10.536800384521484,10.982000350952148,10.793999671936037,1141336.0,10.553071022033693
2019-04-04,11.46679973602295,10.774200439453123,10.902799606323242,11.179800033569336,1231697.0,10.930261611938477
2019-04-05,11.82289981842041,11.160099983215332,11.308500289916992,11.723999977111815,1766383.0,11.46231460571289
2019-04-08,11.723999977111815,11.308500289916992,11.723999977111815,11.308500289916992,1148512.0,11.0560884475708
2019-04-09,11.229299545288086,10.784099578857422,11.229299545288086,10.784099578857422,1046831.0,10.543392181396484
2019-04-10,11.110600471496582,10.665399551391602,10.833600044250488,11.110600471496582,905225.0,10.862606048583984
2019-04-11,11.100700378417967,10.774200439453123,11.100700378417967,10.784099578857422,428152.0,10.543392181396484
2019-04-12,10.853300094604492,10.21030044555664,10.685199737548828,10.517000198364258,1216030.0,10.282255172729492
2019-04-15,10.863200187683104,10.536800384521484,10.536800384521484,10.784099578857422,828307.0,10.543392181396484
2019-04-16,10.972100257873537,10.615900039672852,10.764300346374512,10.883000373840332,1043900.0,10.64008617401123
2019-04-17,10.972100257873537,10.576299667358398,10.972100257873537,10.932499885559082,786159.0,10.688481330871582
2019-04-18,11.318300247192385,10.912699699401855,10.972100257873537,11.12049961090088,553283.0,10.872283935546877
2019-04-22,11.456899642944336,11.090800285339355,11.12049961090088,11.249099731445312,508709.0,10.998014450073242
2019-04-23,11.47659969329834,11.209500312805176,11.38759994506836,11.328200340270994,437754.0,11.07534885406494
2019-04-24,11.427200317382812,10.892900466918944,11.318300247192385,10.982000350952148,413901.0,10.73687744140625
2019-04-25,11.377699851989744,10.902799606323242,11.080900192260742,11.199600219726562,360331.0,10.94961929321289
2019-04-26,11.723999977111815,11.288700103759766,11.288700103759766,11.625100135803224,1317712.0,11.365622520446776
2019-04-29,12.228599548339846,11.625100135803224,11.82289981842041,11.872400283813475,1823187.0,11.607402801513672
2019-04-30,12.16919994354248,11.446999549865724,12.16919994354248,11.862500190734865,1883124.0,11.597723960876465
2019-05-02,12.070300102233887,11.664600372314453,11.674500465393065,12.060400009155273,1179947.0,11.791205406188965
2019-05-03,12.16919994354248,11.78339958190918,12.109800338745115,11.921899795532227,1132543.0,11.655797004699707
2019-05-06,11.862500190734865,11.674500465393065,11.753700256347654,11.85260009765625,276338.0,11.588043212890625
2019-05-07,11.872400283813475,11.47659969329834,11.872400283813475,11.575599670410154,521950.0,11.31722640991211
2019-05-08,12.070300102233887,11.674500465393065,11.684399604797365,12.05049991607666,713588.0,11.781527519226074
2019-05-09,12.00100040435791,11.684399604797365,11.991100311279295,11.902099609375,438462.0,11.636438369750975
2019-05-10,12.02079963684082,11.595399856567385,11.93179988861084,11.714099884033205,790101.0,11.452635765075685
2019-05-13,11.743800163269045,11.33810043334961,11.70419979095459,11.53600025177002,786968.0,11.278510093688965
2019-05-14,11.714099884033205,11.278800010681152,11.664600372314453,11.575599670410154,646171.0,11.31722640991211
2019-05-15,11.496399879455565,11.249099731445312,11.377699851989744,11.407400131225586,396213.0,11.152779579162598
2019-05-16,11.61520004272461,11.130399703979492,11.377699851989744,11.29860019683838,490617.0,11.046409606933594
2019-05-17,11.46679973602295,10.892900466918944,11.308500289916992,11.110600471496582,584717.0,10.862606048583984
2019-05-20,11.29860019683838,10.982000350952148,10.982000350952148,11.229299545288086,541053.0,10.978654861450195
2019-05-21,11.73390007019043,11.179800033569336,11.179800033569336,11.625100135803224,557023.0,11.365622520446776
2019-05-22,11.921899795532227,11.427200317382812,11.743800163269045,11.61520004272461,674674.0,11.35594367980957
2019-05-23,11.625100135803224,11.318300247192385,11.605299949645994,11.625100135803224,589973.0,11.365622520446776
2019-05-24,11.684399604797365,11.50629997253418,11.625100135803224,11.61520004272461,421886.0,11.35594367980957
2019-05-27,11.872400283813475,11.58549976348877,11.714099884033205,11.58549976348877,556922.0,11.326906204223633
2019-05-28,12.010899543762207,11.61520004272461,11.674500465393065,12.010899543762207,1035511.0,11.742810249328613
2019-05-29,12.36709976196289,11.832799911499025,11.97130012512207,12.307700157165527,1032984.0,12.032986640930176
2019-05-30,12.83209991455078,12.36709976196289,12.36709976196289,12.634200096130373,1255753.0,12.352198600769045
2019-05-31,12.762800216674805,12.406700134277346,12.5649995803833,12.614399909973145,904215.0,12.332839965820312
2019-06-03,13.128899574279785,12.713399887084961,12.713399887084961,13.039799690246582,1509754.0,12.748744010925293
2019-06-04,13.485099792480467,13.000300407409668,13.178400039672852,13.307000160217285,1440619.0,13.009982109069824
2019-06-05,13.514699935913086,13.119000434875488,13.485099792480467,13.158599853515625,721674.0,12.864893913269045
2019-06-06,13.791799545288086,13.25749969482422,13.307000160217285,13.633500099182127,1040059.0,13.329193115234375
2019-06-07,14.029199600219727,13.57409954071045,13.702699661254885,13.781900405883787,1294566.0,13.474281311035154
2019-06-10,13.979700088500975,13.5246000289917,13.781900405883787,13.72249984741211,633637.0,13.41620635986328
2019-06-11,13.851099967956545,13.326800346374512,13.851099967956545,13.455400466918945,890064.0,13.155068397521973
2019-06-12,13.603799819946287,13.138799667358398,13.415800094604492,13.208000183105467,1155082.0,12.913189888000488
2019-06-13,13.564200401306152,13.198100090026855,13.307000160217285,13.564200401306152,1301135.0,13.26144027709961
2019-06-14,14.01930046081543,13.603799819946287,13.603799819946287,13.75220012664795,869849.0,13.445244789123535
2019-06-17,13.90060043334961,13.534500122070312,13.84119987487793,13.603799819946287,1047033.0,13.300156593322756
2019-06-18,13.851099967956545,13.633500099182127,13.75220012664795,13.75220012664795,656986.0,13.445244789123535
2019-06-19,14.35569953918457,13.732399940490724,13.75220012664795,14.167699813842773,1511674.0,13.851469993591307
2019-06-21,14.464500427246096,14.058899879455565,14.395299911499025,14.167699813842773,1067956.0,13.851469993591307
2019-06-24,14.395299911499025,14.167699813842773,14.227100372314453,14.38539981842041,794346.0,14.064310073852539
2019-06-25,14.494199752807615,13.930299758911133,14.38539981842041,14.009400367736815,945655.0,13.69670295715332
2019-06-26,14.35569953918457,13.95009994506836,14.147899627685547,14.088600158691404,555102.0,13.77413558959961
2019-06-27,14.286399841308596,13.969900131225586,14.15779972076416,14.237000465393065,437249.0,13.919222831726074
2019-06-28,15.048299789428713,14.15779972076416,14.395299911499025,14.741600036621096,1525117.0,14.41256046295166
2019-07-01,14.692099571228027,14.38539981842041,14.38539981842041,14.662400245666506,1602540.0,14.408819198608398
2019-07-02,14.791000366210938,14.345800399780273,14.543700218200685,14.494199752807615,1790540.0,14.243528366088867
2019-07-03,15.067999839782715,14.642600059509276,14.741600036621096,15.038399696350098,1112429.0,14.778316497802734
2019-07-04,15.592399597167967,15.038399696350098,15.048299789428713,15.552800178527832,1087160.0,15.283820152282715
2019-07-05,15.918899536132812,15.39449977874756,15.592399597167967,15.829899787902832,969105.0,15.556127548217773
2019-07-08,16.314599990844727,15.829899787902832,15.829899787902832,16.275100708007812,998113.0,15.993627548217773
2019-07-10,17.017099380493164,15.918899536132812,16.80929946899414,15.96840000152588,1870793.0,15.692232131958008
2019-07-11,16.789499282836914,15.622099876403807,16.077199935913086,16.789499282836914,1571814.0,16.499130249023438
2019-07-12,17.145700454711914,16.11680030822754,17.017099380493164,16.29490089416504,1453556.0,16.013086318969727
2019-07-15,16.700000762939453,15.869999885559082,16.479999542236328,16.450000762939453,2400400.0,16.165504455566403
2019-07-16,17.639999389648438,16.34000015258789,16.370000839233402,17.520000457763672,3742100.0,17.216997146606445
2019-07-17,17.8700008392334,17.020000457763672,17.760000228881836,17.229999542236328,2076800.0,16.932012557983402
2019-07-18,17.540000915527347,17.0,17.420000076293945,17.170000076293945,904400.0,16.873050689697266
2019-07-19,17.40999984741211,16.729999542236328,17.219999313354492,16.75,909200.0,16.46031379699707
2019-07-22,16.969999313354492,16.25,16.770000457763672,16.270000457763672,1156200.0,15.98861598968506
2019-07-23,16.790000915527347,16.149999618530273,16.149999618530273,16.399999618530273,1649200.0,16.11636734008789
2019-07-24,16.790000915527347,16.069999694824222,16.350000381469727,16.069999694824222,1084500.0,15.792075157165527
2019-07-25,16.459999084472653,15.65999984741211,16.260000228881836,15.6899995803833,1616700.0,15.418645858764648
2019-07-26,15.850000381469727,14.859999656677244,15.649999618530273,15.640000343322756,8636600.0,15.369511604309082
2019-07-29,15.75,15.149999618530273,15.5,15.390000343322756,5543200.0,15.123836517333984
2019-07-30,15.579999923706055,14.899999618530273,15.5,14.899999618530273,5844400.0,14.642309188842773
2019-07-31,15.140000343322756,14.739999771118164,15.039999961853027,14.93000030517578,2639400.0,14.671791076660154
2019-08-01,15.520000457763672,14.970000267028807,15.229999542236328,14.970000267028807,4068800.0,14.711099624633787
2019-08-02,15.890000343322756,15.220000267028807,15.460000038146973,15.859999656677244,4382800.0,15.58570671081543
2019-08-05,15.850000381469727,15.149999618530273,15.609999656677244,15.43000030517578,2310700.0,15.1631441116333
2019-08-06,16.469999313354492,15.59000015258789,15.630000114440918,16.450000762939453,3429100.0,16.165504455566403
2019-08-07,16.690000534057614,15.90999984741211,16.299999237060547,16.690000534057614,2553900.0,16.401351928710938
2019-08-08,17.0,16.629999160766598,16.690000534057614,16.899999618530273,3249900.0,16.607719421386722
2019-08-09,16.899999618530273,16.370000839233402,16.799999237060547,16.690000534057614,1883100.0,16.401351928710938
2019-08-12,16.690000534057614,16.239999771118164,16.690000534057614,16.309999465942386,1530300.0,16.027925491333008
2019-08-13,17.139999389648438,16.200000762939453,16.319999694824222,17.049999237060547,2557700.0,16.755126953125
2019-08-14,16.790000915527347,15.729999542236328,16.760000228881836,16.0,4905400.0,15.723285675048828
2019-08-15,16.399999618530273,14.920000076293945,16.25,15.0,4527200.0,14.740579605102539
2019-08-16,15.550000190734865,14.68000030517578,15.300000190734865,15.390000343322756,2774100.0,15.123836517333984
2019-08-19,15.760000228881836,14.979999542236328,15.520000457763672,15.119999885559082,2120900.0,14.858505249023438
2019-08-20,15.229999542236328,14.5,15.140000343322756,15.100000381469727,2695400.0,14.83885097503662
2019-08-21,15.5,15.050000190734865,15.25,15.420000076293945,1628700.0,15.153316497802734
2019-08-22,15.600000381469727,14.960000038146973,15.5,15.100000381469727,859300.0,14.83885097503662
2019-08-23,15.31999969482422,14.31999969482422,15.020000457763672,14.5,3024300.0,14.249228477478027
2019-08-26,14.699999809265135,13.850000381469727,14.56999969482422,14.010000228881836,2201600.0,13.767702102661133
2019-08-27,14.59000015258789,13.920000076293945,14.199999809265135,14.59000015258789,2608800.0,14.337672233581545
2019-08-28,15.029999732971193,14.329999923706055,14.460000038146973,15.0,1634800.0,14.740579605102539
2019-08-29,15.369999885559082,14.920000076293945,15.1899995803833,15.18000030517578,1811200.0,14.917468070983887
2019-08-30,15.470000267028807,15.050000190734865,15.380000114440918,15.470000267028807,1896800.0,15.202451705932615
2019-09-02,15.630000114440918,15.289999961853027,15.399999618530273,15.56999969482422,1326000.0,15.300722122192385
2019-09-03,15.869999885559082,15.18000030517578,15.640000343322756,15.5,2987300.0,15.231932640075685
2019-09-04,15.739999771118164,15.25,15.649999618530273,15.25,2645000.0,14.98625659942627
2019-09-05,16.190000534057614,15.449999809265135,15.600000381469727,15.989999771118164,2449100.0,15.713459014892578
2019-09-06,16.120000839233402,15.56999969482422,16.049999237060547,15.640000343322756,1102600.0,15.369511604309082
2019-09-09,15.920000076293945,15.039999961853027,15.84000015258789,15.300000190734865,2258100.0,15.035392761230467
2019-09-10,15.550000190734865,14.93000030517578,15.3100004196167,15.5,1483900.0,15.231932640075685
2019-09-11,16.129999160766598,15.579999923706055,15.579999923706055,16.0,1913000.0,15.723285675048828
2019-09-12,16.25,15.899999618530273,16.020000457763672,15.899999618530273,1213800.0,15.625014305114744
2019-09-13,16.020000457763672,15.40999984741211,15.90999984741211,15.649999618530273,1219000.0,15.379338264465332
2019-09-16,15.789999961853027,15.149999618530273,15.5,15.789999961853027,1632900.0,15.51691722869873
2019-09-17,16.100000381469727,15.600000381469727,15.649999618530273,15.9399995803833,999900.0,15.66432285308838
2019-09-18,16.069999694824222,15.75,16.069999694824222,15.90999984741211,1001900.0,15.634842872619627
2019-09-19,16.399999618530273,16.0,16.0,16.34000015258789,1909500.0,16.057405471801758
2019-09-20,16.610000610351562,15.670000076293945,16.440000534057614,15.670000076293945,4166700.0,15.398992538452148
2019-09-23,15.670000076293945,15.140000343322756,15.65999984741211,15.3100004196167,1932900.0,15.04521942138672
2019-09-24,15.609999656677244,15.18000030517578,15.470000267028807,15.609999656677244,1646900.0,15.3400297164917
2019-09-25,15.65999984741211,15.270000457763672,15.550000190734865,15.65999984741211,1221700.0,15.389165878295898
2019-09-26,15.729999542236328,15.359999656677244,15.649999618530273,15.479999542236328,1062200.0,15.21227741241455
2019-09-27,15.600000381469727,15.140000343322756,15.420000076293945,15.140000343322756,1717200.0,14.878159523010256
2019-09-30,15.399999618530273,15.06999969482422,15.09000015258789,15.399999618530273,1269400.0,15.201107025146484
2019-10-01,15.59000015258789,15.220000267028807,15.4399995803833,15.399999618530273,983900.0,15.201107025146484
2019-10-02,15.25,14.600000381469727,15.25,14.649999618530273,3979100.0,14.460793495178224
2019-10-03,14.81999969482422,14.399999618530273,14.640000343322756,14.789999961853027,1310500.0,14.59898567199707
2019-10-04,14.970000267028807,14.600000381469727,14.789999961853027,14.970000267028807,896600.0,14.870406150817873
2019-10-07,14.970000267028807,14.479999542236328,14.970000267028807,14.619999885559082,664100.0,14.522734642028807
2019-10-08,14.640000343322756,14.31999969482422,14.59000015258789,14.449999809265135,665500.0,14.35386562347412
2019-10-09,14.670000076293945,14.4399995803833,14.600000381469727,14.529999732971193,639800.0,14.43333339691162
2019-10-10,14.649999618530273,14.31999969482422,14.56999969482422,14.5,885200.0,14.40353298187256
2019-10-11,15.079999923706055,14.5,14.550000190734865,14.960000038146973,1717900.0,14.860472679138185
2019-10-14,15.06999969482422,14.800000190734865,15.0,15.06999969482422,769400.0,14.969740867614744
2019-10-15,15.1899995803833,14.859999656677244,15.079999923706055,15.079999923706055,799700.0,14.979674339294435
2019-10-16,15.149999618530273,14.630000114440918,15.149999618530273,15.010000228881836,1333900.0,14.91014003753662
2019-10-17,15.170000076293945,14.729999542236328,15.0,14.8100004196167,1353700.0,14.711471557617188
2019-10-18,15.039999961853027,14.789999961853027,14.880000114440918,15.010000228881836,878400.0,14.91014003753662
2019-10-21,15.239999771118164,14.880000114440918,15.079999923706055,15.140000343322756,737800.0,15.03927516937256
2019-10-22,15.770000457763672,15.0600004196167,15.0600004196167,15.649999618530273,2578600.0,15.54588222503662
2019-10-23,15.729999542236328,15.34000015258789,15.65999984741211,15.5600004196167,1069700.0,15.456480979919435
2019-10-24,15.449999809265135,14.75,15.289999961853027,14.920000076293945,4030900.0,14.820738792419435
2019-10-25,15.399999618530273,14.93000030517578,15.0,15.149999618530273,1534400.0,15.049208641052244
2019-10-28,15.380000114440918,14.93000030517578,15.220000267028807,15.119999885559082,952400.0,15.019408226013185
2019-10-29,15.149999618530273,14.899999618530273,15.029999732971193,14.920000076293945,1222100.0,14.820738792419435
2019-10-30,15.380000114440918,14.760000228881836,15.029999732971193,15.380000114440918,1661000.0,15.27767848968506
2019-10-31,15.34000015258789,15.010000228881836,15.300000190734865,15.050000190734865,1116300.0,14.949873924255373
2019-11-01,15.279999732971193,14.90999984741211,15.100000381469727,15.149999618530273,1590500.0,15.049208641052244
2019-11-04,15.449999809265135,15.149999618530273,15.18000030517578,15.300000190734865,1192600.0,15.19821071624756
2019-11-05,15.399999618530273,15.149999618530273,15.390000343322756,15.260000228881836,924100.0,15.158476829528807
2019-11-06,15.720000267028807,15.300000190734865,15.300000190734865,15.68000030517578,2529400.0,15.575682640075685
2019-11-07,16.469999313354492,16.110000610351562,16.229999542236328,16.290000915527347,5838700.0,16.181625366210938
2019-11-08,16.360000610351562,15.649999618530273,16.139999389648438,15.859999656677244,2215500.0,15.75448513031006
2019-11-11,16.030000686645508,15.56999969482422,15.859999656677244,15.8100004196167,2313000.0,15.70481777191162
2019-11-12,15.899999618530273,15.260000228881836,15.800000190734865,15.390000343322756,1309100.0,15.287611961364744
2019-11-13,15.869999885559082,15.270000457763672,15.399999618530273,15.699999809265135,1477700.0,15.59554958343506
2019-11-14,16.389999389648438,15.720000267028807,15.720000267028807,16.389999389648438,2425300.0,16.28095817565918
2019-11-18,16.739999771118164,16.15999984741211,16.399999618530273,16.579999923706055,2653200.0,16.469694137573242
2019-11-19,16.739999771118164,16.229999542236328,16.469999313354492,16.579999923706055,1945900.0,16.469694137573242
2019-11-21,16.940000534057614,16.40999984741211,16.5,16.940000534057614,1855800.0,16.827301025390625
2019-11-22,17.0,16.700000762939453,16.899999618530273,16.829999923706055,1465700.0,16.71803092956543
2019-11-25,17.129999160766598,16.719999313354492,16.940000534057614,16.75,1649300.0,16.63856315612793
2019-11-26,16.950000762939453,16.420000076293945,16.75,16.950000762939453,2050100.0,16.837234497070312
2019-11-27,17.0,16.510000228881836,16.899999618530273,16.610000610351562,1575500.0,16.499496459960938
2019-11-28,17.0,16.450000762939453,16.5,16.850000381469727,1136300.0,16.737899780273438
2019-11-29,16.690000534057614,16.25,16.569999694824222,16.5,3337300.0,16.390226364135742
2019-12-02,16.850000381469727,16.5,16.709999084472653,16.629999160766598,2008900.0,16.51936149597168
2019-12-03,17.0,16.620000839233402,16.620000839233402,16.90999984741211,1996500.0,16.79749870300293
2019-12-04,17.40999984741211,16.879999160766598,17.0,17.010000228881836,1993400.0,16.896835327148438
2019-12-05,17.170000076293945,16.850000381469727,17.049999237060547,17.0,945500.0,16.886899948120114
2019-12-06,17.129999160766598,16.860000610351562,17.0,17.100000381469727,1040100.0,16.986236572265625
2019-12-09,17.25,16.799999237060547,17.100000381469727,17.0,1081400.0,16.886899948120114
2019-12-10,17.120000839233402,16.739999771118164,17.0,17.09000015258789,1076700.0,16.976303100585938
2019-12-11,17.100000381469727,16.920000076293945,17.09000015258789,16.920000076293945,971300.0,16.80743408203125
2019-12-12,17.129999160766598,16.860000610351562,17.020000457763672,17.09000015258789,923500.0,16.976303100585938
2019-12-13,17.760000228881836,17.049999237060547,17.049999237060547,17.549999237060547,2565400.0,17.43324089050293
2019-12-16,18.049999237060547,17.670000076293945,17.799999237060547,17.899999618530273,2193100.0,17.780912399291992
2019-12-17,18.18000030517578,17.459999084472653,17.8799991607666,17.760000228881836,2040000.0,17.641845703125
2019-12-18,18.600000381469727,17.780000686645508,17.790000915527344,18.489999771118164,3046500.0,18.366987228393555
2019-12-19,18.670000076293945,18.149999618530273,18.5,18.6299991607666,1615900.0,18.50605583190918
2019-12-20,18.780000686645508,18.299999237060547,18.670000076293945,18.700000762939453,1619400.0,18.575592041015625
2019-12-23,19.040000915527344,18.57999992370605,18.780000686645508,18.989999771118164,2035400.0,18.86366081237793
2019-12-26,19.299999237060547,18.979999542236328,19.040000915527344,19.149999618530273,1248600.0,19.02259635925293
2019-12-27,19.209999084472656,18.690000534057614,19.13999938964844,19.1200008392334,1653000.0,18.9927978515625
2019-12-30,19.200000762939453,18.8799991607666,19.01000022888184,19.1200008392334,1410200.0,18.9927978515625
2020-01-02,19.65999984741211,19.11000061035156,19.18000030517578,19.57999992370605,1902300.0,19.44973564147949
2020-01-03,20.200000762939453,18.6200008392334,19.299999237060547,20.100000381469727,2476000.0,19.966278076171875
2020-01-06,20.18000030517578,19.43000030517578,19.850000381469727,20.040000915527344,1693200.0,20.040000915527344
2020-01-07,20.200000762939453,19.729999542236328,20.0,20.0,1525500.0,20.0
2020-01-08,20.239999771118164,19.799999237060547,19.899999618530273,20.100000381469727,1988200.0,20.100000381469727
2020-01-09,20.63999938964844,20.0,20.15999984741211,20.3799991607666,1997100.0,20.3799991607666
2020-01-10,20.81999969482422,20.209999084472656,20.450000762939453,20.32999992370605,1085500.0,20.32999992370605
2020-01-13,20.700000762939453,20.15999984741211,20.43000030517578,20.549999237060547,980800.0,20.549999237060547
2020-01-14,20.690000534057614,20.350000381469727,20.5,20.649999618530273,878900.0,20.649999618530273
2020-01-15,20.959999084472656,20.020000457763672,20.700000762939453,20.6200008392334,1141600.0,20.6200008392334
2020-01-16,20.770000457763672,20.25,20.729999542236328,20.459999084472656,955000.0,20.459999084472656
2020-01-17,20.690000534057614,20.26000022888184,20.459999084472656,20.6299991607666,703600.0,20.6299991607666
2020-01-20,20.86000061035156,20.450000762939453,20.700000762939453,20.86000061035156,522000.0,20.86000061035156
2020-01-21,21.34000015258789,20.63999938964844,20.799999237060547,20.93000030517578,1194700.0,20.93000030517578
2020-01-22,21.200000762939453,20.57999992370605,21.190000534057614,20.81999969482422,883600.0,20.81999969482422
2020-01-23,21.51000022888184,20.38999938964844,20.81999969482422,21.399999618530273,1948400.0,21.399999618530273
2020-01-24,21.6200008392334,21.06999969482422,21.399999618530273,21.399999618530273,1802700.0,21.399999618530273
2020-01-27,21.06999969482422,20.190000534057614,20.600000381469727,20.88999938964844,1359200.0,20.88999938964844
2020-01-28,21.57999992370605,20.600000381469727,20.649999618530273,21.309999465942386,996300.0,21.309999465942386
2020-01-29,21.790000915527344,21.209999084472656,21.51000022888184,21.209999084472656,869700.0,21.209999084472656
2020-01-30,21.440000534057614,20.26000022888184,20.950000762939453,21.440000534057614,1606100.0,21.440000534057614
2020-01-31,21.40999984741211,20.959999084472656,21.209999084472656,21.049999237060547,1715000.0,21.049999237060547
2020-02-03,22.0,20.84000015258789,20.979999542236328,21.780000686645508,1546400.0,21.780000686645508
2020-02-04,22.559999465942386,21.71999931335449,22.059999465942386,21.71999931335449,2082500.0,21.71999931335449
2020-02-05,22.5,21.82999992370605,22.049999237060547,22.200000762939453,1199000.0,22.200000762939453
2020-02-06,22.54999923706055,21.36000061035156,22.299999237060547,21.530000686645508,2098100.0,21.530000686645508
2020-02-07,21.549999237060547,20.600000381469727,21.239999771118164,20.82999992370605,1136800.0,20.82999992370605
2020-02-10,20.8700008392334,20.0,20.75,20.11000061035156,1376000.0,20.11000061035156
2020-02-11,21.100000381469727,20.280000686645508,20.350000381469727,21.07999992370605,1012900.0,21.07999992370605
2020-02-12,21.84000015258789,20.76000022888184,21.170000076293945,21.38999938964844,2092300.0,21.38999938964844
2020-02-13,21.450000762939453,20.76000022888184,21.25,21.299999237060547,1050000.0,21.299999237060547
2020-02-14,21.81999969482422,21.299999237060547,21.350000381469727,21.520000457763672,1055200.0,21.520000457763672
2020-02-17,22.09000015258789,21.5,21.5,21.76000022888184,1206400.0,21.76000022888184
2020-02-18,22.21999931335449,21.420000076293945,21.700000762939453,22.100000381469727,1402600.0,22.100000381469727
2020-02-19,22.489999771118164,21.989999771118164,22.200000762939453,22.489999771118164,1515300.0,22.489999771118164
2020-02-20,22.53000068664551,21.649999618530273,22.5,21.76000022888184,1435800.0,21.76000022888184
2020-02-21,21.959999084472656,21.299999237060547,21.649999618530273,21.709999084472656,1148800.0,21.709999084472656
2020-02-27,19.56999969482422,18.239999771118164,19.399999618530273,18.239999771118164,3740000.0,18.239999771118164
2020-02-28,18.350000381469727,17.299999237060547,18.100000381469727,18.0,4598300.0,18.0
2020-03-02,19.25,18.100000381469727,18.11000061035156,18.82999992370605,3218300.0,18.82999992370605
2020-03-03,19.36000061035156,18.25,18.93000030517578,18.299999237060547,3551600.0,18.299999237060547
2020-03-04,19.09000015258789,18.459999084472656,18.850000381469727,19.09000015258789,1980500.0,19.09000015258789
2020-03-05,18.940000534057614,17.049999237060547,18.940000534057614,17.549999237060547,3164000.0,17.549999237060547
2020-03-06,17.0,16.229999542236328,16.899999618530273,16.420000076293945,3146300.0,16.420000076293945
2020-03-09,14.81999969482422,13.210000038146973,14.75,13.899999618530273,4259100.0,13.899999618530273
2020-03-10,16.309999465942386,14.770000457763672,15.699999809265135,15.90999984741211,4357700.0,15.90999984741211
2020-03-11,16.850000381469727,14.470000267028807,15.800000190734865,15.449999809265135,7647900.0,15.449999809265135
2020-03-12,13.890000343322756,12.520000457763672,13.399999618530273,12.869999885559082,3867100.0,12.869999885559082
2020-03-13,15.899999618530273,13.0,15.5,14.800000190734865,5057500.0,14.800000190734865
2020-03-16,13.229999542236328,11.68000030517578,12.970000267028807,12.010000228881836,3614100.0,12.010000228881836
2020-03-17,12.600000381469727,11.130000114440918,12.300000190734865,11.350000381469727,6317800.0,11.350000381469727
2020-03-18,10.6899995803833,7.800000190734862,10.520000457763672,8.899999618530273,8299400.0,8.899999618530273
2020-03-19,9.609999656677246,7.519999980926514,8.350000381469728,9.300000190734863,6975100.0,9.300000190734863
2020-03-20,10.029999732971193,8.659999847412111,9.989999771118164,9.0,5209100.0,9.0
2020-03-23,8.989999771118164,7.25,8.989999771118164,7.710000038146973,5282500.0,7.710000038146973
2020-03-24,8.640000343322754,7.929999828338622,8.489999771118164,8.329999923706055,5449800.0,8.329999923706055
2020-03-25,10.109999656677246,8.350000381469728,8.430000305175781,9.75,7724100.0,9.75
2020-03-26,10.9399995803833,9.529999732971193,9.539999961853027,9.960000038146973,7527500.0,9.960000038146973
2020-03-27,10.300000190734863,9.229999542236328,9.5,9.670000076293944,5528100.0,9.670000076293944
2020-03-30,10.079999923706056,8.630000114440918,9.899999618530273,8.800000190734863,6614000.0,8.800000190734863
2020-03-31,8.899999618530273,7.940000057220459,8.819999694824219,8.090000152587889,7290300.0,8.090000152587889
2020-04-01,8.229999542236326,7.4000000953674325,7.829999923706055,7.880000114440918,5728300.0,7.880000114440918
2020-04-02,8.130000114440918,7.519999980926514,8.010000228881836,7.800000190734862,7169100.0,7.800000190734862
2020-04-03,7.860000133514403,7.070000171661378,7.8499999046325675,7.789999961853027,5051000.0,7.789999961853027
2020-04-06,9.140000343322754,7.96999979019165,8.189999580383299,8.619999885559082,5978400.0,8.619999885559082
2020-04-07,9.619999885559082,8.8100004196167,9.300000190734863,8.949999809265137,5448000.0,8.949999809265137
2020-04-08,10.210000038146973,8.8100004196167,8.949999809265137,9.710000038146973,4178800.0,9.710000038146973
2020-04-09,10.289999961853027,9.5600004196167,10.0,9.859999656677246,3520700.0,9.859999656677246
2020-04-13,10.0,9.40999984741211,9.800000190734863,9.649999618530273,2816200.0,9.649999618530273
2020-04-14,10.1899995803833,9.720000267028807,9.84000015258789,9.920000076293944,3351600.0,9.920000076293944
2020-04-15,10.470000267028807,9.460000038146973,9.649999618530273,9.970000267028807,3545100.0,9.970000267028807
2020-04-16,10.399999618530273,9.75,10.199999809265137,9.920000076293944,2971200.0,9.920000076293944
2020-04-17,10.359999656677246,10.029999732971193,10.289999961853027,10.18000030517578,3784800.0,10.18000030517578
2020-04-20,10.789999961853027,9.869999885559082,9.989999771118164,10.739999771118164,3180200.0,10.739999771118164
2020-04-22,11.75,10.8100004196167,10.850000381469727,11.68000030517578,4138100.0,11.68000030517578
2020-04-23,12.449999809265135,11.050000190734863,12.0,11.350000381469727,4437200.0,11.350000381469727
2020-04-24,11.119999885559082,9.619999885559082,11.079999923706056,10.029999732971193,5884300.0,10.029999732971193
2020-04-27,10.84000015258789,10.229999542236328,10.510000228881836,10.760000228881836,2799600.0,10.760000228881836
2020-04-28,11.380000114440918,10.670000076293944,11.140000343322754,11.380000114440918,3719900.0,11.380000114440918
2020-04-29,11.739999771118164,11.149999618530273,11.699999809265135,11.380000114440918,2859500.0,11.380000114440918
2020-04-30,11.350000381469727,10.720000267028807,11.050000190734863,10.800000190734863,3653900.0,10.800000190734863
2020-05-04,10.65999984741211,10.079999923706056,10.31999969482422,10.539999961853027,3125200.0,10.539999961853027
2020-05-05,10.850000381469727,10.329999923706056,10.800000190734863,10.399999618530273,2728200.0,10.399999618530273
2020-05-06,10.529999732971193,9.890000343322754,10.329999923706056,10.0,3035800.0,10.0
2020-05-07,10.199999809265137,9.350000381469727,10.199999809265137,9.380000114440918,3335500.0,9.380000114440918
2020-05-08,9.649999618530273,9.170000076293944,9.489999771118164,9.390000343322754,2615400.0,9.390000343322754
2020-05-11,9.479999542236328,8.899999618530273,9.350000381469727,8.979999542236328,2494200.0,8.979999542236328
2020-05-12,9.5,8.710000038146973,9.06999969482422,8.880000114440918,3006300.0,8.880000114440918
2020-05-13,9.050000190734863,8.329999923706055,8.9399995803833,8.5,3437500.0,8.5
2020-05-14,9.279999732971193,8.310000419616701,8.649999618530272,9.279999732971193,6715000.0,9.279999732971193
2020-05-15,9.609999656677246,8.8100004196167,9.199999809265137,9.369999885559082,3911500.0,9.369999885559082
2020-05-18,10.220000267028807,9.539999961853027,9.699999809265137,10.199999809265137,4047700.0,10.199999809265137
2020-05-19,10.399999618530273,9.859999656677246,10.109999656677246,10.279999732971193,4447700.0,10.279999732971193
2020-05-20,10.550000190734863,10.18000030517578,10.279999732971193,10.210000038146973,3971600.0,10.210000038146973
2020-05-21,10.949999809265137,10.210000038146973,10.210000038146973,10.5,5845300.0,10.5
2020-05-22,10.640000343322754,10.210000038146973,10.4399995803833,10.510000228881836,2461400.0,10.510000228881836
2020-05-25,11.199999809265137,10.609999656677246,10.6899995803833,10.609999656677246,3146700.0,10.609999656677246
2020-05-26,11.100000381469727,10.460000038146973,10.869999885559082,10.470000267028807,2826100.0,10.470000267028807
2020-05-27,11.649999618530273,10.619999885559082,10.699999809265137,11.5,6416000.0,11.5
2020-05-28,11.550000190734865,11.050000190734863,11.489999771118164,11.31999969482422,2320200.0,11.31999969482422
2020-05-29,11.4399995803833,10.829999923706056,11.300000190734865,11.149999618530273,3734400.0,11.149999618530273
2020-06-01,11.850000381469727,11.18000030517578,11.18000030517578,11.75,3852300.0,11.75
2020-06-02,12.109999656677244,11.720000267028807,11.989999771118164,12.050000190734865,3839900.0,12.050000190734865
2020-06-03,13.350000381469727,12.350000381469727,12.359999656677244,13.100000381469727,5085000.0,13.100000381469727
2020-06-04,13.59000015258789,12.619999885559082,12.979999542236328,13.100000381469727,4732100.0,13.100000381469727
2020-06-05,14.170000076293945,12.859999656677244,13.59000015258789,13.75,6535000.0,13.75
2020-06-08,15.140000343322756,14.010000228881836,14.18000030517578,14.890000343322756,5014000.0,14.890000343322756
2020-06-09,14.75,14.18000030517578,14.5,14.460000038146973,3661700.0,14.460000038146973
2020-06-10,14.880000114440918,13.380000114440918,14.800000190734865,13.4399995803833,5527900.0,13.4399995803833
2020-06-12,13.489999771118164,12.460000038146973,12.710000038146973,12.869999885559082,4264500.0,12.869999885559082
2020-06-15,12.970000267028807,12.109999656677244,12.350000381469727,12.970000267028807,5499800.0,12.970000267028807
2020-06-16,13.869999885559082,12.609999656677244,13.829999923706055,12.850000381469727,5031400.0,12.850000381469727
2020-06-17,13.3100004196167,12.609999656677244,12.920000076293945,13.210000038146973,2912400.0,13.210000038146973
2020-06-18,13.5,12.920000076293945,13.100000381469727,13.369999885559082,2244600.0,13.369999885559082
2020-06-19,13.670000076293945,13.170000076293945,13.5,13.600000381469727,2593700.0,13.600000381469727
2020-06-22,13.699999809265135,13.170000076293945,13.649999618530273,13.220000267028807,1509000.0,13.220000267028807
2020-06-23,13.59000015258789,13.31999969482422,13.56999969482422,13.489999771118164,1451700.0,13.489999771118164
2020-06-24,13.56999969482422,12.720000267028807,13.350000381469727,13.050000190734865,1987500.0,13.050000190734865
2020-06-25,13.270000457763672,12.789999961853027,12.989999771118164,13.109999656677244,1555700.0,13.109999656677244
2020-06-26,13.220000267028807,12.640000343322756,13.140000343322756,12.81999969482422,1205500.0,12.81999969482422
